value,freq
0,0.0
1,0.0
2,2e-05
3,0.0026
4,0.08588
5,0.4374
6,0.41008
7,0.06258
8,0.00144
9,0.0
10,0.0
