value,freq
0,4e-05
1,0.54484
2,0.43802
3,0.01696
4,0.00014
5,0.0
6,0.0
7,0.0
8,0.0
9,0.0
10,0.0
