value,freq
0,4e-05
1,0.0
2,0.0002
3,0.0006
4,0.00178
5,0.00478
6,0.01716
7,0.05452
8,0.1742
9,0.4544
10,0.29232
