value,freq
0,4e-05
1,0.00036
2,0.00188
3,0.006
4,0.0161
5,0.03746
6,0.06992
7,0.1062
8,0.13876
9,0.15658
10,0.14768
11,0.12132
12,0.08266
13,0.05534
14,0.0307
15,0.01662
16,0.00726
17,0.00302
18,0.00174
19,0.00026
20,8e-05
21,0.0
22,2e-05
23,0.0
24,0.0
25,0.0
26,0.0
27,0.0
28,0.0
29,0.0
30,0.0
31,0.0
32,0.0
33,0.0
34,0.0
35,0.0
36,0.0
37,0.0
38,0.0
39,0.0
40,0.0
41,0.0
42,0.0
43,0.0
44,0.0
45,0.0
46,0.0
47,0.0
48,0.0
49,0.0
50,0.0
