value,freq
0,4e-05
1,0.00026
2,0.0017
3,0.00642
4,0.01598
5,0.0371
6,0.06824
7,0.10884
8,0.1431
9,0.15604
10,0.14504
11,0.11976
12,0.08402
13,0.05498
14,0.02998
15,0.01648
16,0.00716
17,0.00314
18,0.00102
19,0.0005
20,0.00014
21,4e-05
22,2e-05
23,0.0
24,0.0
25,0.0
26,0.0
27,0.0
28,0.0
29,0.0
30,0.0
31,0.0
32,0.0
33,0.0
34,0.0
35,0.0
36,0.0
37,0.0
38,0.0
39,0.0
40,0.0
41,0.0
42,0.0
43,0.0
44,0.0
45,0.0
46,0.0
47,0.0
48,0.0
49,0.0
50,0.0
