value,freq
0,0.0
1,0.0
2,0.0
3,0.0
4,0.0
5,0.0
6,0.0
7,0.0
8,0.0
9,0.0
10,0.0
11,0.0
12,0.0
13,0.0
14,0.0
15,4e-05
16,6e-05
17,0.00052
18,0.00124
19,0.00388
20,0.01136
21,0.0233
22,0.04796
23,0.0792
24,0.11304
25,0.14066
26,0.14852
27,0.1443
28,0.11498
29,0.08036
30,0.04812
31,0.0249
32,0.0111
33,0.00488
34,0.00124
35,0.00022
36,0.0001
37,2e-05
38,0.0
39,0.0
40,0.0
41,0.0
42,0.0
43,0.0
44,0.0
45,0.0
46,0.0
47,0.0
48,0.0
49,0.0
50,0.0
